"Source:","C:\Users\seth\Documents\SRAD-Flight-Computer\hardware\kicad\FC.kicad_sch"
"Date:","10/27/2023 4:36:07 PM"
"Tool:","Eeschema 7.0.1"
"Generator:","C:\Program Files\KiCad\7.0\bin\scripting\plugins/bom_csv_grouped_by_value.py"
"Component Count:","91"

"Collated Components:"

"Item","Qty","Reference(s)","Value","LibPart","Footprint","Datasheet","DNP","Amazon","Digikey","Sim.Device","Sim.Pins"
"1","1","C1","100u","Device:C","Resistor_SMD:R_1206_3216Metric","https://88ce57.p3cdn1.secureserver.net/wp-content/uploads/2023/01/gmc_series-2.pdf","","","https://www.digikey.com/en/products/detail/cal-chip-electronics-inc/GMC31X5R107M10NT/18151070","",""
"2","1","C2","10u","Device:C","Resistor_SMD:R_0603_1608Metric","~","","","","",""
"3","7","C3, C8, C9, C19, C21, C22, C26","100n","Device:C_Small","Resistor_SMD:R_0603_1608Metric","~","","","","",""
"4","3","C4, C5, C7","100n","Device:C","Resistor_SMD:R_0603_1608Metric","~","","","","",""
"5","1","C6","100nF","Device:C_Small","Resistor_SMD:R_0603_1608Metric","~","","","","",""
"6","1","C10","1u","Device:C","Resistor_SMD:R_0603_1608Metric","~","","","","",""
"7","1","C12","2.2 uF","Device:C","Resistor_SMD:R_0603_1608Metric","~","","","","",""
"8","2","C13, C14","100 nF","Device:C","Resistor_SMD:R_0603_1608Metric","~","","","","",""
"9","1","C15","100nF","Device:C","Resistor_SMD:R_0603_1608Metric","~","","","","",""
"10","2","C16, C17","10p","Device:C_Small","Resistor_SMD:R_0603_1608Metric","~","","","","",""
"11","1","C18","10u","Device:C_Small","Resistor_SMD:R_0603_1608Metric","~","","","","",""
"12","4","C20, C23, C24, C27","1u","Device:C_Small","Resistor_SMD:R_0603_1608Metric","~","","","","",""
"13","1","C25","GRM155R71C103KA01J","Device:C","Capacitor_SMD:C_0402_1005Metric","https://search.murata.co.jp/Ceramy/image/img/A01X/G101/ENG/GRM155R71C103KA01-01.pdf","","","https://www.digikey.com/en/products/detail/murata-electronics/GRM155R71C103KA01J/2610890","",""
"14","2","C28, C29","C_Small",":C_Small_1","Resistor_SMD:R_0603_1608Metric","~","","","","",""
"15","1","D1","LSM115JE3",":D_Schottky_1","LSM115JE3:LSM115JE3","~","","","https://www.digikey.com/en/products/detail/microchip-technology/LSM115JE3-TR13/1634473","D","1=K 2=A"
"16","3","D3, D4, D5","3V",":D_Zener_1","Package_TO_SOT_SMD:SOT-23","https://www.diodes.com/assets/Datasheets/MMBZ5221B-MMBZ5259B.pdf","","","https://www.digikey.com/en/products/detail/diodes-incorporated/MMBZ5225B-7-F/814491","",""
"17","1","D6","ASMB-LTB2-0A333","Device:LED_RGBA","ASMB-LTB2:ASMB-LTB2","https://docs.broadcom.com/docs/ASMB-LTB2-0A333-2121-Tricolor-PLCC-4-LED-DS","","","https://www.digikey.com/en/products/detail/broadcom-limited/ASMB-LTB2-0A333/9740374","",""
"18","1","D7","CUS08F30,H3F",":D_Schottky_2","Diode_SMD:D_SOD-323_HandSoldering","https://toshiba.semicon-storage.com/info/docget.jsp?did=9019&prodName=CUS08F30","","","https://www.digikey.com/en/products/detail/toshiba-semiconductor-and-storage/CUS08F30-H3F/5114298","",""
"19","1","D8","V15PM153","Device:D_Schottky","Package_TO_SOT_SMD:TO-277A","https://www.vishay.com/docs/87206/v15pm153.pdf","","","https://www.digikey.com/en/products/detail/vishay-general-semiconductor-diodes-division/V15PM153-M3-H/16683075","",""
"20","2","F1, F5","15A","Device:Fuse","Resistor_SMD:R_1206_3216Metric","https://www.belfuse.com/resources/datasheets/circuitprotection/ds-cp-c1h-series.pdf","","","https://www.digikey.com/en/products/detail/bel-fuse-inc/0685H9150-01/5466707","",""
"21","1","F2","30A","Device:Fuse","Resistor_SMD:R_1206_3216Metric","https://www.belfuse.com/resources/datasheets/circuitprotection/ds-cp-c1h-series.pdf","","","https://www.digikey.com/en/products/detail/bel-fuse-inc/0685H9300-01/5466710?s=N4IgTCBcDaIAwDYAcBWAEgTgMxziAugL5A","",""
"22","1","F3","500mA","Device:Fuse","Resistor_SMD:R_0603_1608Metric","http://www.kamaya.co.jp/upload/products_pdf/kamaya_products(FMC)_english_20170203_122640.pdf","","","https://www.digikey.com/en/products/detail/kamaya-inc/FMC16501WBTP/15181266","",""
"23","1","FB1","120R","Device:FerriteBead_Small","Resistor_SMD:R_0603_1608Metric","https://www.fair-rite.com/wp-content/themes/fair-rite/print_product.php?pid=19034","","","https://www.digikey.com/en/products/detail/fair-rite-products-corp/2506031217Y0/8594287","",""
"24","1","J1","xt30","Connector_Generic:Conn_01x02","Connector_AMASS:AMASS_XT30PW-M_1x02_P2.50mm_Horizontal","~","","https://www.amazon.com/Amass-XT30PW-Upgrade-Connectors-Battery/dp/B099F2PXYN#customerReviews","","",""
"25","1","J2","282834-2","Connector:Screw_Terminal_01x02","TerminalBlock_TE-Connectivity:TerminalBlock_TE_282834-2_1x02_P2.54mm_Horizontal","https://www.te.com/usa-en/product-282834-2.datasheet.pdf","","","https://www.digikey.com/en/products/detail/te-connectivity-amp-connectors/282834-2/1150135","",""
"26","1","J3","282834-4","Connector:Screw_Terminal_01x04","TerminalBlock_TE-Connectivity:TerminalBlock_TE_282834-4_1x04_P2.54mm_Horizontal","https://www.te.com/commerce/DocumentDelivery/DDEController?Action=srchrtrv&DocNm=282834&DocType=Customer+Drawing&DocLang=English","","","https://www.digikey.com/en/products/detail/te-connectivity-amp-connectors/282834-4/1153265","",""
"27","2","J4, J5","CONSMA020.062-G","CONSMA020.062-G:CONSMA020.062-G","CONSMA020.062:CONSMA020.062-G"," https://linxtechnologies.com/wp/wp-content/uploads/consma020.062-g-ds.pdf","","","https://www.digikey.com/en/products/detail/linx-technologies-inc/CONSMA020-062-G/11482822?utm_adgroup=RF%20%26%20RFID&utm_source=google&utm_medium=cpc&utm_campaign=Dynamic%20Search_EN_RLSA_Cart&utm_term=&utm_content=RF%20%26%20RFID&gclid=CjwKCAjwjMiiBhA4EiwAZe6jQ_ICZ5R1fLlqBsg05PucOrzhKWKzfFOsQ26g2j1dcTdAjUSslVJZmhoCegUQAvD_BwE","",""
"28","1","J6","0475900001","Connector:USB_B_Micro","Connector_USB:USB_Micro-AB_Molex_47590-0001","https://www.molex.com/pdm_docs/sd/475900001_sd.pdf","","","https://www.digikey.com/en/products/detail/molex/0475900001/1832254","",""
"29","1","L1","LQW15AN27NJ00D","Device:L","Inductor_SMD:L_0402_1005Metric","https://search.murata.co.jp/Ceramy/image/img/P02/JELF243A-0050.pdf","","","https://www.digikey.com/en/products/detail/murata-electronics/LQW15AN27NJ00D/584360","",""
"30","1","LS1","AST1240MLQ","Device:Speaker_Crystal","Buzzer_Beeper:Buzzer_Mallory_AST1240MLQ","https://www.mspindy.com/spec-sheets/AST1240MLQ.pdf","","","https://www.digikey.com/en/products/detail/mallory-sonalert-products-inc/AST1240MLQ/5181382","",""
"31","4","R1, R5, R6, R24","10K","Device:R_Small","Resistor_SMD:R_0603_1608Metric","~","","","","",""
"32","3","R2, R7, R8","DNP","Device:R_Small","Resistor_SMD:R_0603_1608Metric","~","","","","",""
"33","1","R3","50m","Device:R","Resistor_SMD:R_0603_1608Metric","https://www.eaton.com/content/dam/eaton/products/electronic-components/resources/data-sheet/eaton-msma-automotive-smd-current-sense-resistor-metal-strip-data-sheet-elx1179.pdf","","","https://www.digikey.com/en/products/detail/eaton-electronics-division/MSMA1206R0500FCM/16713143","",""
"34","1","R4","1.5k","Device:R","Resistor_SMD:R_0603_1608Metric","https://media.digikey.com/pdf/Data%20Sheets/Thin%20Film%20Tech%20PDFs/D1WEL%20Series.pdf","","","https://www.digikey.com/en/products/detail/thin-film-technology-corp/D1WEL0603MR050F-T5/16735320","",""
"35","4","R9, R10, R11, R12","1K","Device:R_Small","Resistor_SMD:R_0603_1608Metric","~","","","","",""
"36","3","R13, R17, R18","10k","Device:R","Resistor_SMD:R_0603_1608Metric","~","","","","",""
"37","3","R14, R15, R16","10K","Device:R","Resistor_SMD:R_0603_1608Metric","~","","","","",""
"38","2","R19, R25","100R","Device:R_Small","Resistor_SMD:R_0603_1608Metric","~","","","","",""
"39","2","R20, R21","47R","Device:R_Small","Resistor_SMD:R_0603_1608Metric","~","","","","",""
"40","2","R22, R23","22R","Device:R_Small","Resistor_SMD:R_0603_1608Metric","~","","","","",""
"41","1","R26","6.8k","Device:R_Small","Resistor_SMD:R_0603_1608Metric","~","","","","",""
"42","1","R27","2.2k","Device:R_Small","Resistor_SMD:R_0603_1608Metric","~","","","","",""
"43","2","R28, R29","4.7k","Device:R_Small","Resistor_SMD:R_0603_1608Metric","~","","","","",""
"44","1","R30","10R","Device:R","Resistor_SMD:R_0603_1608Metric","~","","","","",""
"45","1","U1","TPS7A4533DCQR","Regulator_Linear:TPS7A05285PDBV","Package_TO_SOT_SMD:SOT-223-6","https://www.ti.com/general/docs/suppproductinfo.tsp?distId=10&gotoUrl=http%253A%252F%252Fwww.ti.com%252Flit%252Fgpn%252Ftps7a45","","","https://www.digikey.com/en/products/detail/texas-instruments/TPS7A4533DCQR/2353796","",""
"46","1","U2","ZXCT1110W5-7","Amplifier_Current:ZXCT1110","Package_TO_SOT_SMD:SOT-23-5","https://www.diodes.com/assets/Datasheets/ZXCT1107_10.pdf","","","https://www.digikey.com/en/products/detail/diodes-incorporated/ZXCT1110W5-7/3678144","",""
"47","1","U3","SI9926CDY","SI9926CDY:SI9926CDY","Package_SO:SO-8_3.9x4.9mm_P1.27mm","https://www.vishay.com/docs/68606/si9926cd.pdf","","","https://www.digikey.com/en/products/detail/vishay-siliconix/SI9926CDY-T1-GE3/1978863","",""
"48","1","U4","KX134-1211","Sensor_Motion:KX122-1042","Package_LGA:LGA-12_2x2mm_P0.5mm","http://kionixfs.kionix.com/en/datasheet/KX112-1042-Specifications-Rev-6.0.pdf","","","https://www.digikey.com/en/products/detail/rohm-semiconductor/KX134-1211/10488055","",""
"49","1","U5","BMI270","BMI270:BMI270","BMI270:XDCR_BMI270","https://www.bosch-sensortec.com/media/boschsensortec/downloads/datasheets/bst-bmi270-ds000.pdf","","","https://www.digikey.com/en/products/detail/bosch-sensortec/BMI270/9974486?utm_adgroup=Sensors%20%26%20Transducers&utm_source=google&utm_medium=cpc&utm_campaign=Dynamic%20Search_EN_RLSA_Cart&utm_term=&utm_content=Sensors%20%26%20Transducers&gclid=Cj0KCQjw1_SkBhDwARIsANbGpFsXN_IUW-d2CKXTD8IF1CNAza4MFGjnKHXdgmWalAkx2e0zr_FoS2UaAiHwEALw_wcB","",""
"50","1","U6","MS5611-01BA","Sensor_Pressure:MS5611-01BA","Package_LGA:LGA-8_3x5mm_P1.25mm","https://www.te.com/commerce/DocumentDelivery/DDEController?Action=srchrtrv&DocNm=MS5611-01BA03&DocType=Data+Sheet&DocLang=English","","","https://www.digikey.com/en/products/detail/te-connectivity-measurement-specialties/MS561101BA03-50/5277445","",""
"51","1","U7","RA-01SH","RA-01SH:RA-01SH","RF_Module:Ai-Thinker-Ra-01-LoRa","https://docs.ai-thinker.com/_media/lora/docs/ra-01sh_specification.pdf","","","https://www.digikey.com/en/products/detail/ai-thinker/RA-01SH/16688819?s=N4IgTCBcDaIE4EMAMBGAtAZwBYgLoF8g","",""
"52","1","U8","MAX-M10S","RF_GPS:MAX-M10S","RF_GPS:ublox_MAX","https://content.u-blox.com/sites/default/files/MAX-M10S_DataSheet_UBX-20035208.pdf","","","https://www.digikey.com/en/products/detail/u-blox/MAX-M10S-00B/15712906","",""
"53","1","U10","BMM350","BM350:BM350","BMM350:BGA-9_3x3_1.3x1.3mm","https://www.bosch-sensortec.com/media/boschsensortec/downloads/datasheets/bst-bmm350-ds001.pdf","","","https://www.digikey.com/en/products/detail/bosch-sensortec/BMM350/17827576","",""
"54","1","U11","MB85RS2","Memory_NVRAM:MB85RS16","Package_SO:SOIC-8_3.9x4.9mm_P1.27mm","https://www.mouser.com/datasheet/2/1113/MB85RS2MTA_DS501_00032_4v1_E-2329131.pdf","","","https://www.digikey.com/en/products/detail/kaga-fei-america-inc/MB85RS2MTAPNF-G-BDERE1/7604211","",""
"55","1","U12","ATmega32U4-A","MCU_Microchip_ATmega:ATmega32U4-A","Package_QFP:TQFP-44_10x10mm_P0.8mm","http://ww1.microchip.com/downloads/en/DeviceDoc/Atmel-7766-8-bit-AVR-ATmega16U4-32U4_Datasheet.pdf","","","https://www.digikey.com/en/products/detail/microchip-technology/ATMEGA32U4RC-AU/2507982","",""
"56","1","U13","MIC5504-1.8YM5","Regulator_Linear:MIC5504-1.8YM5","Package_TO_SOT_SMD:SOT-23-5","http://ww1.microchip.com/downloads/en/DeviceDoc/MIC550X.pdf","","","https://www.digikey.com/en/products/detail/microchip-technology/MIC5504-1-8YM5-TR/5209404","",""
"57","1","Y1","16MHz","Device:Crystal_GND24","Crystal:Crystal_SMD_3225-4Pin_3.2x2.5mm","https://www.raltron.com/webproducts/specs/CRYSTAL/RH100-16.000-10-1010-EXT-TR.pdf","","","https://www.digikey.com/en/products/detail/raltron-electronics/RH100-16-000-10-1010-EXT-TR/10272687","",""
